date,IP,UM1,UF1,UM12,UF12
1960-07-01,-0.34758332510112,0.612354065292839,0.878811731134689,0.857347047367769,0.977850845487826
1960-08-01,-0.116277059135195,0.61964704108663,0.894466680462683,0.859052836867134,0.980363077422596
1960-09-01,-1.05208823428575,0.626675815447143,0.911588364083629,0.864132310469234,0.984487324912395
1960-10-01,-0.117644371420456,0.637554762808948,0.887307136888212,0.87027223385478,0.979950451820845
1960-11-01,-1.42163945273133,0.666127696161878,0.880094529529969,0.87898559934415,0.978907432116666
1960-12-01,-1.92785310473624,0.682442761619734,0.876904841014543,0.888149463195249,0.977693773898773
1961-01-01,0.121649160703585,0.671455061715459,0.886994296905596,0.891666083551428,0.978892020653228
1961-02-01,-0.121649160703585,0.666005391142414,0.870396408994123,0.894060892026512,0.97406880257261
1961-03-01,0.606312872196968,0.666967615677281,0.852128508304712,0.892577356022907,0.96940121370074
1961-04-01,2.0348862610478,0.671076406359693,0.833400033970549,0.887394682339363,0.965184528591436
1961-05-01,1.52842566467419,0.653499414167378,0.827102251274159,0.882148864001988,0.96380469070876
1961-06-01,1.39077847620488,0.63912540280309,0.826480800510232,0.878295100526887,0.964065937853253
1961-07-01,1.14386910140323,0.626026518499361,0.80809173200393,0.874906678306539,0.960615461001601
1961-08-01,0.90604906752243,0.6209276857393,0.807479920802985,0.872997653307098,0.960416739267171
1961-09-01,-0.112439117131791,0.620783765683072,0.81570091774896,0.868448447800276,0.96242175059098
1961-10-01,1.90023329224358,0.619734048625729,0.817364450657137,0.863546652768935,0.963675389984835
1961-11-01,1.53844572990915,0.609654067195716,0.829741765407967,0.857416876034725,0.96639341446422
1961-12-01,0.868665190000018,0.598705036566896,0.838256015031656,0.853536573624721,0.969172141887859
1962-01-01,-0.868665190000018,0.605256317704171,0.856330472003734,0.853329794462441,0.974810981751337
1962-02-01,1.6225502579621,0.603470089110832,0.881456886086327,0.851869664809902,0.981321872903906
1962-03-01,0.535308250101174,0.590576888748034,0.932357193536797,0.847621409240005,0.993240984329701
1962-04-01,0.212935890496535,0.591069192985907,1.00715811223149,0.844395841759005,1.01013615836713
1962-05-01,-0.106613371431097,0.589386705813476,1.06331997309335,0.842797582670901,1.02222374360194
1962-06-01,-0.213163271947892,0.584355278526165,1.06419313517799,0.840165698518364,1.02371881020412
1962-07-01,0.956639562991457,0.573700994464381,1.0343895665882,0.834803434647451,1.01737494380772
1962-08-01,0.105784004401333,0.562464151785626,1.00901690778893,0.829211251230294,1.0106361446702
1962-09-01,0.63256392067359,0.558038813574263,1.01351059140666,0.824426755801523,1.00993286810346
1962-10-01,0.105046019533228,0.555604548035208,1.0005004371394,0.819990565136999,1.00637149446563
1962-11-01,0.418687896376513,0.555345982321897,1.01516200369575,0.814614853246852,1.007428777388
1962-12-01,0,0.552972108224206,0.949000851787786,0.80936210006033,0.99139144665721
1963-01-01,0.728728299419723,0.551985297077487,0.906507280138412,0.805230229397416,0.979654817425495
1963-02-01,1.13482752194844,0.543018306868326,0.843320101563808,0.800593127005141,0.964665408556307
1963-03-01,0.613418110445396,0.53348439914484,0.795711882202807,0.79823614626095,0.952079920663013
1963-04-01,0.913301410625378,0.539514038821233,0.765306967781359,0.799799271952272,0.942572698488098
1963-05-01,1.20467607511725,0.537291207952214,0.739556179063028,0.799147324740365,0.933856456630594
1963-06-01,0.29912252181088,0.534656586419332,0.719477246920888,0.798691701446213,0.92727739575613
1963-07-01,-0.399029191782763,0.532936227749062,0.701483738557292,0.799139882187998,0.92190039408123
1963-08-01,0.199713626129183,0.534270237516644,0.695666829188286,0.801002728014027,0.919062972675986
1963-09-01,0.991842769289564,0.533851578157254,0.678356256270955,0.800795171610954,0.912994128768673
1963-10-01,0.68895474485906,0.531074328148018,0.659851625100523,0.79989452347667,0.906501365287143
1963-11-01,0.488903516484562,0.537473146622379,0.647021159533665,0.800821741580337,0.901007767713375
1963-12-01,-0.195422916818622,0.547510403822059,0.629270371912749,0.800449517281114,0.895022953816391
1964-01-01,0.875970370025581,0.554665645855273,0.620146862902318,0.799928575369508,0.890954918842214
1964-02-01,0.675983784884471,0.548256512374554,0.612553593738671,0.79733312375902,0.887862461104612
1964-03-01,0,0.539134040331226,0.608821270110166,0.795384655271926,0.88602204246869
1964-04-01,1.62303149567844,0.544955792266885,0.602809486272364,0.795969244642155,0.884088502268142
1964-05-01,0.566535618334374,0.52945723174995,0.59538175874408,0.795393674087849,0.881938810040212
1964-06-01,0.282211129642018,0.526589128509044,0.593861328582068,0.799041599993747,0.881368000866365
1964-07-01,0.655105293966773,0.53387868900134,0.600364676182543,0.806091216886994,0.883420781381627
1964-08-01,0.650841581163997,0.550252400747467,0.607899526297566,0.813716307034042,0.885709357371529
1964-09-01,0.369851378152397,0.580409718698378,0.614917166961778,0.824378071414119,0.888182774270715
1964-10-01,-1.39470081838962,0.628175066842486,0.617738574168272,0.83677668552837,0.889684359841521
1964-11-01,3.04322267145412,0.641523243498288,0.629093913897133,0.843434960372,0.893505447597482
1964-12-01,1.17373826667952,0.607397497773755,0.647736703662356,0.831967352754061,0.899296215651916
1965-01-01,1.07130050639754,0.580507190638767,0.674988536765132,0.822234535046177,0.907135573051105
1965-02-01,0.620061891315293,0.561040329848485,0.677878499713752,0.815743493199358,0.908696381634153
1965-03-01,1.31520829457017,0.551572702624496,0.690289115561752,0.811761742105622,0.912780842319091
1965-04-01,0.434509982238174,0.547527472610092,0.718427669793329,0.808504114532919,0.920322647334513
1965-05-01,0.777587473670316,0.540890469996255,0.750192994828997,0.80621515852435,0.928698157358437
1965-06-01,0.771620052445066,0.542892855283708,0.796575623237812,0.807459956846698,0.940043443168513
1965-07-01,0.934802043879968,0.550111450948053,0.775850463063421,0.809804830230223,0.936057988093401
1965-08-01,0.422006382775653,0.547854970651365,0.76509320167285,0.808612402332216,0.934089303785711
1965-09-01,0.252561920094241,0.556927613608199,0.761043435525339,0.810392575687478,0.933701414620711
1965-10-01,1.0035383391378,0.550846474297981,0.765339387661454,0.811171124244375,0.935052271658174
1965-11-01,0.414998305624126,0.548890260861777,0.770857973891487,0.81387710979684,0.936410820728148
1965-12-01,1.23507075913354,0.559225310935839,0.778190712371312,0.82098200919218,0.939102078005442
1966-01-01,0.977110074585985,0.564211909134134,0.793777356703436,0.823410662489524,0.943720499877228
1966-02-01,0.646203625841402,0.572212569471652,0.809250794779305,0.828633495726749,0.949010043170307
1966-03-01,1.359547907933,0.581272937242712,0.837567480347566,0.833175699710326,0.956698650295279
1966-04-01,0.158819748332517,0.58944704442784,0.875505471474501,0.83647088548766,0.965996114102548
1966-05-01,0.947002448265488,0.597021571802572,0.927519697579913,0.84059594959373,0.977907075280718
1966-06-01,0.470159267822234,0.592001659773616,0.910831349039927,0.841260590079209,0.977257441226885
1966-07-01,0.545793886322565,0.59171140866551,0.922492697207787,0.841631485375993,0.981775054061532
1966-08-01,0.077774240254147,0.595804482516683,0.959489774290928,0.843908018830264,0.99072548346455
1966-09-01,0.928252902641846,0.601211459304314,0.925709042265603,0.846831775337115,0.985851649918765
1966-10-01,0.690230620220422,0.599823325938571,0.918733921671444,0.846001079281035,0.98549182355228
1966-11-01,-0.690522495151979,0.604546438472841,0.922478041346299,0.847712792045076,0.986088436184065
1966-12-01,0.230811146588561,0.607521152338702,0.936182670553275,0.850411810220791,0.987964301293003
1967-01-01,0.470493813503303,0.615815892874934,0.982730023954194,0.853172637044185,0.995512243004043
1967-02-01,-1.14063620759857,0.615591202923331,0.927671051954483,0.854706435983196,0.985550595547281
1967-03-01,-0.565254206985477,0.604624977435582,0.903931821109518,0.851177105433677,0.980895546545441
1967-04-01,0.938716685117891,0.603079513531348,0.881977242790613,0.848898554111109,0.97653476193216
1967-05-01,-0.876263351774487,0.600194662072829,0.876069219341566,0.849621386320995,0.975384021650507
1967-06-01,-0.0124050377577234,0.599639578880808,0.882403049390344,0.854480791921466,0.975351127931811
1967-07-01,-0.228072942339175,0.607612712632982,0.874271221794197,0.860513190156536,0.974085148643574
1967-08-01,1.89785518115531,0.620990622940209,0.855904466788231,0.863174096991836,0.970669100524865
1967-09-01,-0.162446153482554,0.618704975587608,0.858714605484515,0.864097568479321,0.971640198169723
1967-10-01,0.811044301229247,0.620586444489801,0.864554149681211,0.866771908080602,0.973507088927806
1967-11-01,1.42017601011002,0.641247167004019,0.865327337550645,0.874454928149913,0.97321818910106
1967-12-01,1.07104423776532,0.645431242464726,0.884136871684922,0.876749018038851,0.977575963395821
1968-01-01,-0.10750619561275,0.662667189737573,0.89407426285864,0.8780627943123,0.981003039013317
1968-02-01,0.35761596107573,0.638785297389246,0.914410017449347,0.871366988311236,0.985061538252135
1968-03-01,0.31169725288982,0.613693813745544,0.927319319206569,0.864884901584852,0.988150791928621
1968-04-01,0.144526419363045,0.611388258893949,0.967995752639448,0.864030271192556,0.996551175036209
1968-05-01,1.11561102286708,0.601793612053669,0.926869927638216,0.858752105626125,0.988614240528731
1968-06-01,0.366703788302791,0.591859573191912,0.89350271297525,0.855329343699169,0.98287040415273
1968-07-01,-0.153487498026683,0.583569208737907,0.88188812819307,0.851132177055475,0.981081403850948
1968-08-01,0.27872604354493,0.584822480507633,0.874032146154173,0.850013276789402,0.979307867973048
1968-09-01,0.378030552366937,0.579243887646118,0.88078731570037,0.849404455055751,0.980940102509769
1968-10-01,0.198276047099544,0.587605873057721,0.881798992285481,0.852130186146622,0.981597051626509
1968-11-01,1.28522535994553,0.595215436421615,0.90510505696604,0.856625681392011,0.986707068923904
1968-12-01,0.315264801096227,0.59531875806779,0.907681533757125,0.860775658255619,0.988754646442379
1969-01-01,0.603172624652393,0.596394621690326,0.920829905424325,0.864527602504804,0.991886666816196
1969-02-01,0.637830985095311,0.601249994635982,0.956032345117401,0.870943786094128,0.999748665549432
1969-03-01,0.781039239031678,0.603024672197313,0.946126449839203,0.877404542785112,0.998844310308598
1969-04-01,-0.368507859071343,0.612038127967928,0.95631767461213,0.887284501379041,1.00191761235286
1969-05-01,-0.378698426924995,0.622361701008112,0.994215572272632,0.896490443466746,1.01006393045711
1969-06-01,0.972297466175531,0.627200050668579,1.06278872069197,0.897557014097993,1.02431305296519
1969-07-01,0.526315075010064,0.626678695966883,1.06602591495187,0.896654064538189,1.02718140968674
1969-08-01,0.229531437122166,0.625765412441656,1.04998957728777,0.896895677804352,1.02584902342202
1969-09-01,-0.0224890008756251,0.626325145559062,1.0471448827116,0.896251347782652,1.0266181992861
1969-10-01,0.0293936468061418,0.626204158401209,1.06637385624833,0.896723917500213,1.0313800830647
1969-11-01,-0.947065472628639,0.640559099211217,1.07802070005145,0.900112491033213,1.03416221714807
1969-12-01,-0.268696651829536,0.645451090425109,1.08626904678311,0.905061708741937,1.03741998798744
1970-01-01,-1.86922524373401,0.668175401721072,1.10868960510686,0.91363502984578,1.04400734299214
1970-02-01,-0.0659354831902714,0.662068169804912,1.12506136806902,0.916182029564725,1.04779163493246
1970-03-01,-0.129847645040515,0.665701338584393,1.15754665042401,0.919158227371092,1.05395588366342
1970-04-01,-0.257583866903888,0.673698822073746,1.23064168667847,0.918828055242218,1.06639639967203
1970-05-01,-0.116568702028852,0.670726091111008,1.20441685678404,0.916043818868549,1.06123814334888
1970-06-01,-0.323950395853556,0.658521571379775,1.16111069180817,0.90891610315597,1.05300426660203
1970-07-01,0.245197749291615,0.657639423282474,1.12405310783007,0.906287677931352,1.04503826474536
1970-08-01,-0.178470423874222,0.665772195003084,1.08831697625697,0.906541568272171,1.03634793470079
1970-09-01,-0.691544930929178,0.680994188071662,1.07744278959818,0.907665301566375,1.03196317636322
1970-10-01,-2.02080634865887,0.71442947846075,1.05111033752601,0.914274472211962,1.02474673739322
1970-11-01,-0.607558320835944,0.712972168062588,1.02036441257353,0.915967149265829,1.01749415461553
1970-12-01,2.27071532593843,0.732182669214502,1.00979150488836,0.921740875900508,1.0132219116924
1971-01-01,0.766286856547493,0.690543312913043,0.985857183895506,0.910010993567504,1.00711911930492
1971-02-01,-0.190756502060951,0.654024466146629,0.935148518949504,0.899537357105479,0.996774799057111
1971-03-01,-0.108486009940245,0.627281717919981,0.913922475540033,0.89069753857304,0.991724613491465
1971-04-01,0.560093100727688,0.617624886171086,0.89663864804663,0.8865293915962,0.987512197558884
1971-05-01,0.506215089743334,0.6178310982675,0.896244077863156,0.882136938621255,0.986969977656946
1971-06-01,0.418344342409904,0.630947798442652,0.889677985957968,0.880363260614602,0.984660411477859
1971-07-01,-0.29067521064734,0.638853575885343,0.905387029752013,0.88113595755101,0.987237078090362
1971-08-01,-0.582055679346238,0.636613933154203,0.898767953218553,0.882495865969479,0.98569302204685
1971-09-01,1.61224306089505,0.630445340383641,0.89046400681137,0.883871808933318,0.98342313063733
1971-10-01,0.745750659170641,0.618059957491041,0.90189955412974,0.880992525931335,0.985171127933759
1971-11-01,0.423407349954896,0.617881410662259,0.903345074522911,0.881225116251914,0.98458612863368
1971-12-01,1.14773001106117,0.631423915625224,0.923697704833284,0.886993038046227,0.988395013216598
1972-01-01,2.36852063256365,0.639893821835172,0.876763286154838,0.886423242620675,0.978022878977035
1972-02-01,0.999676823114681,0.612028475706347,0.833620312837496,0.877260509816028,0.968417960612803
1972-03-01,0.705906714700699,0.593986238679178,0.807179819156781,0.871002264560312,0.961803870145583
1972-04-01,0.986245673131592,0.580962108953466,0.793786080243068,0.86411814580084,0.958318376857051
1972-05-01,0.00802099520678112,0.580390596890698,0.796115066776909,0.863871864189296,0.958789894213644
1972-06-01,0.259987058096378,0.589590305057078,0.805447052114203,0.86784258803201,0.961704971863828
1972-07-01,-0.0942648462198825,0.612774335150798,0.811165422087026,0.876629248516892,0.964049987685699
1972-08-01,1.3719444335019,0.625999491224429,0.820127937156806,0.88536470216426,0.966963267634603
1972-09-01,0.762802544684371,0.625740571260347,0.832719841963391,0.889272331101219,0.970366203964499
1972-10-01,1.28065135597635,0.640476611560002,0.847802587057101,0.894742579852456,0.974507673603925
1972-11-01,1.1720829177658,0.641529986403483,0.881668331452284,0.899467639256321,0.982986664903486
1972-12-01,1.11731091269864,0.650942227143349,0.905922469734355,0.907391460023644,0.989833945603796
1973-01-01,0.726473277044359,0.66676040423745,0.948654340366882,0.918508923316304,1.00026570134565
1973-02-01,1.44470401689225,0.679045921474486,0.984473092903748,0.932159406497331,1.00870051479203
1973-03-01,0.0367466246742332,0.682614701380764,0.996658318767491,0.940424755682937,1.01361473622889
1973-04-01,-0.147959426933353,0.685263516621104,1.03879993784059,0.949826992447267,1.02352807367815
1973-05-01,0.658909360530613,0.690882778807029,1.06411249190494,0.961849018781969,1.02935946537616
1973-06-01,0.120943528536266,0.713861741885479,1.08064425128259,0.978190771362504,1.03529193891554
1973-07-01,0.367042122915295,0.754853734375672,1.12558302244569,1.00262235210302,1.04572237165487
1973-08-01,-0.136707616910314,0.787596659053818,1.14796163374209,1.01641219410848,1.05161143906811
1973-09-01,0.797829918013182,0.793922440700522,1.18882203725394,1.02047702415013,1.06053615713443
1973-10-01,0.79652803988246,0.794057646224293,1.21445490711301,1.01891870571785,1.06634276638105
1973-11-01,0.450086272056271,0.78212714744468,1.28392122814333,1.01511122659872,1.07830416856456
1973-12-01,-0.279968230309802,0.782845107306249,1.19654379175318,1.01391238504764,1.06363433531098
1974-01-01,-0.661995522280545,0.787678551641807,1.15074172925783,1.01091958822862,1.05476788362081
1974-02-01,-0.289245522499648,0.777671458674093,1.10399241015654,1.00874203619103,1.04681873474596
1974-03-01,-0.016505487438323,0.772873991512552,1.09305856414545,1.00827955273146,1.04562743896915
1974-04-01,-0.303827790666178,0.779065345551713,1.11088133552174,1.00999764671933,1.04975498492231
1974-05-01,0.804425851666668,0.772750328644507,1.1323870531039,1.01270224683797,1.05499277066761
1974-06-01,-0.182331971102467,0.771757865161208,1.14437418767575,1.01798780932613,1.05948699048766
1974-07-01,0.18474532661199,0.786431374074585,1.18860691712264,1.02503580540126,1.06975920275039
1974-08-01,-1.05442033285414,0.806024298241412,1.24574563436296,1.0288393547639,1.08148971120853
1974-09-01,0.0141582113741379,0.812757830346598,1.28365786785675,1.02706743527926,1.08941177690136
1974-10-01,-0.313235691406133,0.826712974926735,1.30924227492777,1.0273071253067,1.09417106493058
1974-11-01,-3.35313454507831,0.864483074590614,1.29877923912856,1.030869495381,1.08933653448976
1974-12-01,-3.66211075668001,0.882893043828407,1.31271870805178,1.03010215234391,1.08861665746991
1975-01-01,-1.3934502799303,0.85318519603259,1.36510731453648,1.01768688171792,1.0939343664461
1975-02-01,-2.3101382486979,0.827063680221103,1.2376335155292,1.00370030550636,1.07242429227544
1975-03-01,-1.09371691510027,0.794370354019302,1.15859939609362,0.992739845541267,1.05729751616757
1975-04-01,0.185116171908284,0.773596281634633,1.09804124346067,0.982470331710677,1.04471604915501
1975-05-01,-0.284679113138475,0.761090769670463,1.06537482372812,0.969219963856525,1.03631324175621
1975-06-01,0.630765430945601,0.759567503839819,1.03444451237682,0.959202081874262,1.02910205708116
1975-07-01,1.02395250651472,0.751433795252202,1.01335132538285,0.952666050919415,1.02325928745644
1975-08-01,0.98410495835588,0.71829489804047,0.991524416922913,0.938543923467002,1.01634410973868
1975-09-01,1.28905204654099,0.687825306819204,0.973825491239075,0.92505971356384,1.01176121786908
1975-10-01,0.426742413518744,0.664859195350412,0.963392982926019,0.917066396900241,1.00863504898284
1975-11-01,0.138656257766101,0.650505562112906,0.963717506172696,0.911224398420733,1.00680756916982
1975-12-01,1.34182129981029,0.658750551431596,0.988481332273117,0.909169871944614,1.01000537545176
1976-01-01,1.32566975839579,0.658271037701242,1.04911262416031,0.907704982036171,1.01935712685686
1976-02-01,0.994628119867524,0.638729875436711,0.956801507626999,0.897759274384224,0.999265734764485
1976-03-01,0.213613628174825,0.620358480286654,0.884713072978646,0.888862831076549,0.982502755353143
1976-04-01,0.497388267658483,0.614146186299071,0.840686907129572,0.883425689696436,0.970432535635387
1976-05-01,0.424708044770616,0.610943697385817,0.81296715602969,0.879589320893643,0.961771633384377
1976-06-01,0.107597134214199,0.599424174610572,0.789311451219068,0.873134959558974,0.955058825318504
1976-07-01,0.553488828440241,0.590797241549882,0.763592352460607,0.86873444914223,0.947489646523209
1976-08-01,0.68760355398112,0.593171553044431,0.753208813055946,0.867071430324881,0.943469655864828
1976-09-01,0.331371267280778,0.603631503685351,0.747915884351079,0.869909470277522,0.94174479963108
1976-10-01,-0.0316262588394789,0.618296148902663,0.757748438248349,0.875383088825316,0.943296494726926
1976-11-01,1.5220958770306,0.629204994986262,0.77349011711851,0.878027997655136,0.945999740189864
1976-12-01,1.07236858427062,0.62884316444145,0.785561914979169,0.878464832313619,0.950246850878559
1977-01-01,-0.686410643663615,0.63381007992696,0.759832984335118,0.878206717641238,0.945705553500268
1977-02-01,1.56509800392706,0.630207534892722,0.732318582584487,0.876633418240084,0.938251881332739
1977-03-01,1.26080106134467,0.608795229359712,0.71516076966105,0.869722557296048,0.933438158963919
1977-04-01,0.972349367232761,0.580804666798395,0.71175150652404,0.861512354379852,0.931972726235382
1977-05-01,0.768415055640803,0.570704013302871,0.720726741522518,0.85971463382002,0.933786242306715
1977-06-01,0.761512971001332,0.564420278902946,0.737211892514343,0.856511899876524,0.938124642135417
1977-07-01,0.128906670235063,0.565390181926737,0.733256424437592,0.855764371846653,0.937531029357239
1977-08-01,0.102700178261195,0.565617884279356,0.737407971603226,0.857265596275298,0.939061001937653
1977-09-01,0.397530187836104,0.576540411279414,0.749108177292711,0.858839162179058,0.942726317141172
1977-10-01,0.159765348179475,0.588672383369032,0.778657147898678,0.863777086347963,0.950573410087489
1977-11-01,0.180603446644412,0.598054038186647,0.806891649582544,0.867560699709299,0.956983478413127
1977-12-01,0.176765503399823,0.621083626540687,0.803273346138294,0.874654553098731,0.958089354218785
1978-01-01,-1.47049415307579,0.6535586840434,0.821717519971482,0.886004832811468,0.96416960487399
1978-02-01,0.556869720648789,0.645311974846703,0.829595873552035,0.889010537294694,0.96637729341861
1978-03-01,1.89500403582299,0.643331382818866,0.855700744322768,0.890224996482849,0.972967060434084
1978-04-01,1.97021583377004,0.632226546119135,0.881727962702819,0.891086775102925,0.980194709508517
1978-05-01,0.480425844341115,0.614795756170627,0.88691937483588,0.890834679433583,0.981871594793528
1978-06-01,0.640673581661311,0.60314073319024,0.904372321213275,0.891397182126126,0.986725329610749
1978-07-01,-0.0717312687871452,0.603621108022472,0.946424326141069,0.895425076194856,0.996702375969959
1978-08-01,0.4089112615004,0.598877793769396,0.994259190216784,0.898742819261368,1.00715654539075
1978-09-01,0.235246952342116,0.601335803771104,1.05399929896592,0.903002769795546,1.02006998533437
1978-10-01,0.770082672576899,0.606384477860926,1.15716754819132,0.908441955807533,1.03922431355882
1978-11-01,0.765759673335875,0.615863965926365,1.07831285424839,0.914064322272127,1.02610452063818
1978-12-01,0.49740543049972,0.622916067325344,1.02144208696967,0.915171560209833,1.01550475049014
1979-01-01,-0.540675467248342,0.647392599663281,1.00330699029442,0.922250969078839,1.01167316707718
1979-02-01,0.509999482633861,0.661084347585969,0.979865505891506,0.928831350474815,1.00680616756518
1979-03-01,0.29878340540801,0.685584125625758,0.966359126149841,0.940228364906617,1.00390891736197
1979-04-01,-1.2013218710019,0.728987895776531,0.926349103045522,0.955657213463489,0.995743192239151
1979-05-01,0.888623932491095,0.723870848557116,0.913483288855338,0.964691704225011,0.993279214212708
1979-06-01,0.00753809914102455,0.708104929095197,0.922559808432214,0.968141627149898,0.995902707543467
1979-07-01,-0.161731234690832,0.71127301725529,0.932972522860251,0.974980952869927,0.999076946241253
1979-08-01,-0.651478022958507,0.725392988658976,0.969807679498589,0.987559844771521,1.00783623602917
1979-09-01,-0.00486132958252838,0.735906807453883,0.999259437957186,1.00390064850296,1.01511609296976
1979-10-01,0.684189710168503,0.749164069618643,1.05830085485451,1.02453511090271,1.02783399102221
1979-11-01,-0.163685154819859,0.761549612354385,1.06237241477868,1.03968803238514,1.03058369250555
1979-12-01,0.0660072738523088,0.778243512350073,1.05926052532877,1.05505549875123,1.0312699464478
1980-01-01,0.536895186355446,0.818553705595095,1.08616162471086,1.07655979210757,1.0373485317921
1980-02-01,0.0450396203256709,0.866135769881781,1.11949953909034,1.10442786749836,1.04412641160464
1980-03-01,-0.426865898869222,0.924026901501033,1.17774134673512,1.13498252932295,1.05499775198907
1980-04-01,-1.98966093924136,0.977356516105964,1.10479669603861,1.16424364912426,1.04239718520739
1980-05-01,-2.48827698714709,0.966494867313335,1.04450264798435,1.16488486312145,1.0308686777575
1980-06-01,-1.30059937897538,0.929889167632421,0.995895730890537,1.14644976037783,1.02054639237739
1980-07-01,-0.720690331413421,0.919544894713679,0.974212307828129,1.13536814918901,1.01537654935057
1980-08-01,0.320503577652653,0.908176871274871,0.927412779227509,1.12889662171961,1.00481007286477
1980-09-01,1.65572802463068,0.884654432698304,0.901515022053654,1.11754415718931,0.998847835702468
1980-10-01,1.25951005140528,0.866184851622382,0.893926676807431,1.11040242545391,0.997436119458982
1980-11-01,1.65586413811205,0.849812609272235,0.904099099194526,1.1087808740992,0.999600320707853
1980-12-01,0.652286124051837,0.845594143186176,0.885455003892187,1.1116125099225,0.994529315554569
1981-01-01,-0.624408786955444,0.843143129350913,0.869128419125261,1.11491287650649,0.99015294009962
1981-02-01,-0.417210038116211,0.837061057148398,0.861306632175919,1.11581216644952,0.987266960449126
1981-03-01,0.509232115106517,0.831884800850472,0.870382469048224,1.10952284170415,0.988374839902394
1981-04-01,-0.420960973383666,0.834815386779205,0.84982695903233,1.10845836962624,0.983980315165299
1981-05-01,0.566950425267221,0.833549917976318,0.846132219645919,1.10818078568954,0.98350840361491
1981-06-01,0.524979902349676,0.836481628514726,0.858856425715526,1.110339483149,0.98734696832265
1981-07-01,0.639035461637949,0.831560777182792,0.882440719027417,1.10340593101988,0.993224219384418
1981-08-01,-0.115611970502094,0.827193969671544,0.917456832702036,1.09973411990369,1.00165669239203
1981-09-01,-0.48990953686654,0.840047046731003,0.922796648523532,1.1001371777967,1.00403794810607
1981-10-01,-0.771396418949033,0.839559347831588,0.907849079386933,1.09554821623363,1.00074107138875
1981-11-01,-1.17389353234736,0.842443291083315,0.878372059730812,1.09385908780851,0.993697812654309
1981-12-01,-1.0886276508034,0.85389567988766,0.862443089629886,1.08536927395354,0.989478369126797
1982-01-01,-2.06911597065638,0.883097661607692,0.859231426108962,1.0833898537874,0.988119296306879
1982-02-01,2.02112012378062,0.88432034965496,0.859707283955602,1.08135466450287,0.988901765147741
1982-03-01,-0.675443683447163,0.84166131001078,0.856454898816178,1.0707879593623,0.988137046017854
1982-04-01,-0.917676031285763,0.822303424937128,0.871464545625535,1.06157028254938,0.991591892188105
1982-05-01,-0.673196613984972,0.815184962756012,0.889945671623756,1.05683805751058,0.995790074093462
1982-06-01,-0.258143555216472,0.810391056188772,0.904528940377517,1.05430663191708,1.00005342968875
1982-07-01,-0.344543055133562,0.801302446485135,0.936849047516636,1.0484535840721,1.00832206965334
1982-08-01,-0.906016467831616,0.788007901680458,0.991240823527512,1.03885097921682,1.02062494397888
1982-09-01,-0.258300055908789,0.77771898774385,0.99447116867809,1.02828604665371,1.01990673663449
1982-10-01,-0.966895310233795,0.776807650559462,1.02816686343671,1.01863071518023,1.02511277155984
1982-11-01,-0.318881416227601,0.760235180888532,0.977329774838759,1.00235009605473,1.01265637522141
1982-12-01,-0.71227991297409,0.760720764287871,0.929488336568116,0.991729858943316,1.00084875847826
1983-01-01,1.83755525370994,0.772489561615166,0.909299573560322,0.985125677541443,0.994614020111844
1983-02-01,-0.618254355930548,0.741343548485013,0.892507528194725,0.971224607646658,0.989475163770236
1983-03-01,0.83268898613813,0.717937590653757,0.880102064536605,0.959626467929777,0.98611474935147
1983-04-01,1.24504401082892,0.702905648837604,0.875402981716238,0.949765302085698,0.984205678892509
1983-05-01,0.623625659740679,0.679304285711353,0.855193672204729,0.93797316161052,0.978449401206462
1983-06-01,0.604070723829153,0.673427386336618,0.839182987153128,0.933404748616888,0.974331322186558
1983-07-01,1.47269711359104,0.663610194650997,0.828683376056644,0.925805404773839,0.971801293562466
1983-08-01,1.18903015955927,0.655609976695085,0.817752298706078,0.919684381345498,0.968201550265638
1983-09-01,1.42960298256556,0.655175541537386,0.81687282040676,0.916201752375723,0.967465258954386
1983-10-01,0.782298269757975,0.635592355653336,0.826248105209753,0.908247556857963,0.969603869227421
1983-11-01,0.441153281843576,0.620775932511902,0.82060987003687,0.903040778479888,0.968364426962665
1983-12-01,0.504473116374449,0.626853704041267,0.817220889069596,0.902542872661911,0.967518121555055
1984-01-01,1.95975593234574,0.641024305962591,0.823580407885978,0.906197666081087,0.96955939072056
1984-02-01,0.465912270531899,0.640046553312892,0.839980621274433,0.905600387654603,0.972692274379163
1984-03-01,0.467142371466167,0.624292272376081,0.830346008183309,0.903458325362232,0.970555038295042
1984-04-01,0.591357850159602,0.610366097131223,0.839969838569651,0.90151974564412,0.972685218142014
1984-05-01,0.53449627612161,0.614192309109223,0.866719469193963,0.906778006345935,0.979011907025753
1984-06-01,0.355795078612697,0.614986731516364,0.874503376865492,0.909108902574469,0.981836915926017
1984-07-01,0.277805602037917,0.616920958629712,0.897399268218647,0.912071615535539,0.987380270560588
1984-08-01,0.120388685135975,0.621831670358441,0.924247433825429,0.916191683017164,0.993739678701597
1984-09-01,-0.280057901894226,0.626115696204766,0.874561202122872,0.916939336699199,0.982513003577634
1984-10-01,-0.0454335409159068,0.628318154708095,0.844757686465458,0.920206633515657,0.974806356455734
1984-11-01,0.33354834360142,0.62530548556434,0.83305453403407,0.922093219112342,0.971566629087535
1984-12-01,0.0484025124933396,0.623392823790678,0.831685597825436,0.921642052189374,0.97113803147415
1985-01-01,-0.0487576754173435,0.625554035764302,0.850980216804604,0.921947407276635,0.97544459643159
1985-02-01,0.307025062409583,0.629124746599386,0.806995592027043,0.923816343134963,0.964676684261055
1985-03-01,0.131536096081675,0.632187678882805,0.783306748756669,0.925858307766706,0.958846618219524
1985-04-01,-0.196818974396162,0.636371343806332,0.769121716915081,0.927596076219048,0.954975885703871
1985-05-01,0.148064833447226,0.62049120497843,0.768412048598746,0.920919124329017,0.954459692447061
1985-06-01,-0.0476788066683387,0.613360197833692,0.758951069828942,0.91611715826045,0.951361384312275
1985-07-01,-0.518519583424437,0.61032973432196,0.763894471015278,0.910904455779656,0.952441241656719
1985-08-01,0.331757482557959,0.604917945457265,0.778670754616866,0.906462086968823,0.956122530387078
1985-09-01,0.367337276687296,0.614599634065363,0.811191204655088,0.906616425494566,0.964211301601412
1985-10-01,-0.346473326177499,0.621951541391866,0.825075998983147,0.910908837805318,0.968029923237996
1985-11-01,0.342084723600822,0.628523474293765,0.838415667137202,0.914853343984113,0.971691774642968
1985-12-01,0.983884329127926,0.641027105284814,0.835473918915794,0.921414393860441,0.972271349863802
1986-01-01,0.525170151371324,0.658002389183525,0.844842943798878,0.928302034052136,0.97526910589934
1986-02-01,-0.687161347495691,0.682446896151318,0.876645990625209,0.93890831602076,0.983107037032377
1986-03-01,-0.703022633938222,0.686924572530033,0.878851464544304,0.93773404907819,0.984611625092859
1986-04-01,0.114369538157977,0.672451342193813,0.883292066464761,0.931741115930837,0.987218728503685
1986-05-01,0.196170913189819,0.666037051717604,0.904919868633592,0.927959697715623,0.993507138481231
1986-06-01,-0.394028676934699,0.659386280278098,0.933641379728173,0.922385139763215,1.00124221666986
1986-07-01,0.608331040957566,0.649116985751586,0.987270647804418,0.918419662073915,1.0140150212899
1986-08-01,-0.167633162191949,0.644402374287986,1.00291661576704,0.915313288685985,1.01933328297247
1986-09-01,0.276494976161556,0.650815430472123,1.0217228071419,0.914401417895611,1.02482601867894
1986-10-01,0.420611143538618,0.647158125658275,1.00122896029147,0.913354680406918,1.02116434047818
1986-11-01,0.397488152073011,0.652313085366563,0.990956845599289,0.916273921475914,1.01892542678857
1986-12-01,0.941227404978928,0.671570335419311,1.00560557037934,0.925874730741587,1.02285300405786
1987-01-01,-0.375716150966987,0.684258695682348,1.04119333561614,0.930558833289199,1.03064069076534
1987-02-01,1.31732953910504,0.66891303747083,1.00358564196859,0.923090149484475,1.02296481319112
1987-03-01,0.140351227783153,0.636071326764252,0.976843881066094,0.910946905133023,1.01756918710339
1987-04-01,0.652362521624639,0.623401463657375,0.975211532115573,0.904153243140358,1.01749351842726
1987-05-01,0.61770746668115,0.606650001420638,0.981152377671731,0.897043498254998,1.01991067667199
1987-06-01,0.538079770365307,0.597014165913721,1.01511831683764,0.892971044291406,1.0281934044166
1987-07-01,0.671445561490813,0.594833030144981,1.07081479596162,0.891410256746156,1.0407759987658
1987-08-01,0.750479990794428,0.601666013658457,1.154923005534,0.893605915494091,1.05819332252652
1987-09-01,0.382300918551248,0.614818575169616,1.28515054670051,0.898456169536421,1.08266194774432
1987-10-01,1.33973835210899,0.634076243685428,1.48995474705533,0.905073986219346,1.1153958969776
1987-11-01,0.491023279783764,0.629147401036078,1.3011664367967,0.909702672268565,1.08458710333315
1987-12-01,0.550786912797907,0.629351940020392,1.17662453222917,0.907466521121445,1.05975863514855
1988-01-01,-0.0248740414975579,0.625121599862863,1.08027049731569,0.905531467084409,1.03725322613271
1988-02-01,0.499924548091446,0.610455279573144,1.01218496737891,0.899299302696861,1.01819645179207
1988-03-01,0.227714371659538,0.591631851644697,0.933722484915672,0.8918561250433,0.999273811119058
1988-04-01,0.583066864523829,0.582663063784584,0.879480721098003,0.887921404451285,0.984238170264031
1988-05-01,-0.19523157447745,0.574430235970379,0.847861486258085,0.883685034644855,0.97439277319979
1988-06-01,0.285680530048094,0.572196323632563,0.835391039187597,0.882915322107348,0.968914735812907
1988-07-01,0.00849882999949259,0.569666845530762,0.800310266347862,0.878263661080916,0.959080200564937
1988-08-01,0.505794011358152,0.56852098919041,0.775480206689582,0.876349915845785,0.951852612625187
1988-09-01,-0.326952944067305,0.57112949084148,0.758694965413011,0.875938073808265,0.946368738270217
1988-10-01,0.447877673309183,0.572162207238906,0.749691309717915,0.877279838923497,0.942119872976253
1988-11-01,0.24871306604366,0.576295208661985,0.749117047190185,0.879588776689568,0.940789417742623
1988-12-01,0.461564597252107,0.593250235389381,0.745526987934722,0.884151999109724,0.939629809804693
1989-01-01,0.290885713167732,0.621846268665173,0.748187602083453,0.890546445724095,0.940609864388157
1989-02-01,-0.437609776127079,0.628200671544102,0.742007454270231,0.894040076778509,0.938476366537603
1989-03-01,0.244902478465381,0.622293611895065,0.739124387419171,0.89660410011767,0.938906705444962
1989-04-01,-0.0270740747018827,0.622256846403879,0.747861897954203,0.900440032741331,0.941446475808391
1989-05-01,-0.561828203941683,0.62828012961089,0.758405702678508,0.905861681493638,0.943849320687752
1989-06-01,-0.00535367288518884,0.625884824966367,0.76660921722983,0.906846815526411,0.947550934130309
1989-07-01,-0.967025643135511,0.633041912948071,0.786361072972242,0.907378805667199,0.95369126384321
1989-08-01,0.97254454827862,0.633874043802823,0.785734648290406,0.906200101229983,0.953298279068543
1989-09-01,-0.34260017281742,0.618793921094715,0.800438947718851,0.899956515461091,0.956672070230621
1989-10-01,-0.119446717165772,0.61787997409014,0.831714880320185,0.896379391103395,0.963629174825919
1989-11-01,0.336011052043883,0.622758474031565,0.836444344572551,0.895996301358205,0.965908179223775
1989-12-01,0.560444509127134,0.64925596156166,0.860718536740739,0.901568581724994,0.972988139922847
1990-01-01,-0.516959656561244,0.686216215435685,0.909003365304812,0.911917700825921,0.984730344786251
1990-02-01,0.915280865835832,0.675114232529966,0.897176384783182,0.911932314689727,0.983407587372279
1990-03-01,0.474677412968916,0.65840008633452,0.90421963106306,0.909113860238575,0.986765501654642
1990-04-01,-0.235626680006451,0.651073929079338,0.934824017202554,0.907089550470203,0.99460753318772
1990-05-01,0.300546417886149,0.645748073250074,0.9688144479665,0.905012107813467,1.00353348397923
1990-06-01,0.329929849391331,0.642247381171926,0.982076727850031,0.907140472310931,1.00711519847787
1990-07-01,-0.166496661585303,0.646499749295871,1.0239167277798,0.913398681262802,1.01573502230803
1990-08-01,0.360720008013082,0.662982683420278,1.09157977338637,0.92078915467534,1.02856366294543
1990-09-01,0.0316423893940154,0.656209764677229,1.07312289395132,0.921703460538357,1.02431004108729
1990-10-01,-0.622003710199337,0.666246282494787,1.0366543063977,0.925283579702839,1.01722301540476
1990-11-01,-1.25395221157678,0.680654645001538,1.01127356332382,0.931018485334643,1.01198600788194
1990-12-01,-0.704261816935592,0.679924279135141,0.978271634577988,0.929022922997555,1.0045071534136
1991-01-01,-0.328141364784607,0.680585340100528,0.972657138746549,0.927735277291758,1.00244461252998
1991-02-01,-0.724301854313136,0.667719410751079,0.957735590967691,0.92487548351166,0.998334010559973
1991-03-01,-0.570939441928608,0.648584645084235,0.913471478724702,0.916285786862956,0.988387686450261
1991-04-01,0.263128437703042,0.639059990962555,0.882352265688656,0.90428105912959,0.981550907389554
1991-05-01,0.989537874144908,0.623654553001646,0.874876668347543,0.892374841852356,0.97934992453675
1991-06-01,0.805692255555179,0.613442545864311,0.871473215192638,0.884871910796002,0.978641744378697
1991-07-01,0.262646823077439,0.597351687002987,0.853362947115117,0.877587765239931,0.974306113154354
1991-08-01,0.0210552895339333,0.583465583672533,0.83770846305159,0.873804244325234,0.970692006058366
1991-09-01,0.823351193433286,0.580326609869727,0.838863949561051,0.87081206969456,0.971108165168175
1991-10-01,-0.102702621390005,0.571636041804153,0.854741908689509,0.870849528234256,0.975047204241017
1991-11-01,-0.135503287411876,0.57244078777699,0.885825481418234,0.872925234423361,0.982794059144569
1991-12-01,-0.464052004586879,0.580484064860928,0.907642141116579,0.875610718432425,0.988071826338138
1992-01-01,-0.520677038020345,0.584348243472317,0.876637933100005,0.876526148545743,0.978689757487393
1992-02-01,0.713170386432083,0.582315962288939,0.835143634400167,0.875835744380952,0.968040237460338
1992-03-01,0.834725269126668,0.57400572351557,0.80573294635785,0.872797695541571,0.959797706993582
1992-04-01,0.769177273037691,0.573578790551628,0.78388022074327,0.86971184817911,0.952786561407743
1992-05-01,0.324740246785193,0.56612478938613,0.763015428149746,0.865231207958996,0.946494889352768
1992-06-01,0.0597065679706077,0.56364223156514,0.76025249383191,0.86383264756956,0.94449180758376
1992-07-01,0.893825806561654,0.569824283292191,0.747069543962266,0.864821169337991,0.940934723928573
1992-08-01,-0.549180934560578,0.569556790855264,0.737207396301357,0.864169558406134,0.937718496494111
1992-09-01,0.316566240407301,0.574896867129117,0.722657699243419,0.865391317449413,0.933377942998881
1992-10-01,0.682504033976183,0.581018060858447,0.719637406527422,0.868110838403127,0.931823505491648
1992-11-01,0.381901079585312,0.574444202595863,0.727448551426089,0.865418388871602,0.932878835863831
1992-12-01,0.145524167759703,0.584147108184488,0.716472296985983,0.861084970019048,0.929329374685443
1993-01-01,0.401271873757025,0.584562642361259,0.71163865993336,0.857805833446947,0.927561531756887
1993-02-01,0.468364366198593,0.568205868210944,0.708836211149124,0.855341194046713,0.92648939045767
1993-03-01,-0.087818348116997,0.563680815855369,0.705441276581784,0.853066506833279,0.925146015826473
1993-04-01,0.291070498427004,0.557772795740521,0.704678365103497,0.848343635514786,0.925139267617009
1993-05-01,-0.386075256989571,0.55078258723435,0.692562335912632,0.842927597672251,0.921999345991142
1993-06-01,0.223321412190636,0.539402808354753,0.678678224221991,0.839481944777585,0.918436504251143
1993-07-01,0.252931347724861,0.53081687774594,0.671390880997983,0.836692384318387,0.916171677533012
1993-08-01,-0.108166349889327,0.530711207109993,0.673360552209993,0.838156038003473,0.916630696777194
1993-09-01,0.51949419214008,0.538616960579314,0.671439347616131,0.840728163815585,0.916052105886439
1993-10-01,0.734419935921693,0.543595628140975,0.678720573513917,0.844253016106364,0.917586395893729
1993-11-01,0.466051158625724,0.543860473583649,0.688063843456379,0.845264904401639,0.919543462478835
1993-12-01,0.576015030397858,0.569797418493274,0.69048775302455,0.849773268020319,0.919998807907698
1994-01-01,0.31800880699695,0.57840791917308,0.693695811662722,0.855235568209713,0.921328809016802
1994-02-01,0.0518021085610165,0.57018819386763,0.700461551319961,0.859013748210552,0.923449100717393
1994-03-01,1.0073823596529,0.568306481376344,0.712616530301713,0.862037656727174,0.925970156335171
1994-04-01,0.581997107012366,0.553785133130736,0.691743110642647,0.859342057199632,0.920661299808195
1994-05-01,0.46886649791702,0.548775244985922,0.685561196111253,0.858215875479245,0.918985495185595
1994-06-01,0.667172600450971,0.544630778032567,0.686176036524499,0.855227566857363,0.919311025998767
1994-07-01,0.120379709189411,0.543264599376389,0.681930946373385,0.854732544289192,0.918174668318498
1994-08-01,0.667156776566724,0.544499425712155,0.685286914490629,0.855768130744902,0.918854985261978
1994-09-01,0.297691264437283,0.545593132689757,0.682315351121047,0.85629456626729,0.917968761253239
1994-10-01,0.814099839348259,0.546421450271278,0.682757881605331,0.858377378884877,0.917280787248621
1994-11-01,0.66621443771,0.543861990032796,0.692337861822671,0.858777981192142,0.91904458413249
1994-12-01,0.995357355669491,0.548793315639217,0.677182649038174,0.860417476374869,0.914503190974136
1995-01-01,0.189438773056771,0.551366464053772,0.668643130562973,0.862241227601518,0.912365282295379
1995-02-01,-0.120438820525681,0.561398242913886,0.666064312490444,0.865375519143335,0.911827449733245
1995-03-01,0.1385436173166,0.560187101756536,0.65750195577584,0.864020732326071,0.90954255133874
1995-04-01,-0.178029770786292,0.562581377286983,0.658085744379416,0.8632848407466,0.909501382307038
1995-05-01,0.479579940288488,0.561268065535717,0.663876954622461,0.861407443550528,0.911226859148025
1995-06-01,0.333130683232863,0.552966071534331,0.676828217136258,0.858569161891974,0.913724996943203
1995-07-01,-0.414981867980746,0.552960779689611,0.686187357504251,0.857701242820116,0.915299318040403
1995-08-01,1.29895677126024,0.556872826812206,0.681686268250274,0.858776821562637,0.915081322086278
1995-09-01,0.386238476112322,0.549198616736358,0.688447653255378,0.85677565923505,0.917462390663397
1995-10-01,-0.161569989061849,0.553066899284578,0.702198757634523,0.856957333999396,0.920990722560958
1995-11-01,0.240946469968595,0.564586541526033,0.696831988164031,0.859310894600265,0.920989303113228
1995-12-01,0.342390987028107,0.576002749702544,0.68450904187154,0.863552941374441,0.918323138974015
1996-01-01,-0.522972660468213,0.597710153168081,0.681286177473034,0.871217700835886,0.917898135721652
1996-02-01,1.43930047782463,0.608519348168525,0.688079504568208,0.874549060814923,0.920041705206931
1996-03-01,-0.161320278528443,0.595602455378207,0.701934879533306,0.870836891185955,0.924646391095774
1996-04-01,1.0098421812943,0.576674501821624,0.72642485529058,0.863706905774547,0.931128929239928
1996-05-01,0.735308441680704,0.56015789226053,0.7483492121,0.857936798446479,0.937538580100429
1996-06-01,0.750242431313008,0.551071718337044,0.779352333117079,0.854308196014342,0.946421247279385
1996-07-01,-0.00331339369106232,0.546376557282197,0.814792699704385,0.851404495594994,0.956766000085604
1996-08-01,0.504721544752318,0.54570283480626,0.805986263669607,0.849338908283354,0.95652666540406
1996-09-01,0.623215195556259,0.543535616451332,0.792357172752168,0.849010457577622,0.955490613634561
1996-10-01,-0.0145638128293157,0.544314241784703,0.789723855760158,0.849361984569566,0.956409096418477
1996-11-01,0.881444845782386,0.543792866887563,0.794937583041072,0.850065614615589,0.959222468922325
1996-12-01,0.62100882137317,0.544151076967498,0.792220542790757,0.848614064058227,0.959556583143793
1997-01-01,0.181677529927615,0.544713042428495,0.804000841258014,0.847990316701578,0.963099506703658
1997-02-01,1.16816880519517,0.547300754512088,0.817774426012099,0.848828278405108,0.967474265331063
1997-03-01,0.638068506990663,0.543521923070862,0.842403763746952,0.846584617981537,0.97400309698089
1997-04-01,0.0833236661199166,0.54583961845263,0.859245591798564,0.84488054156172,0.978436291523676
1997-05-01,0.566432746138101,0.543558859448454,0.891600205395214,0.844038614068758,0.985724253258899
1997-06-01,0.456766868068037,0.543152214232839,0.884844133284364,0.843270260035616,0.985936373803257
1997-07-01,0.842515889027418,0.549528105486281,0.891480554155322,0.844149981046684,0.989227996600185
1997-08-01,0.996744173564235,0.559686340125042,0.892076442203892,0.845793934443113,0.989926637888718
1997-09-01,0.920636810319664,0.553656219771022,0.903043388543711,0.844294218515405,0.992324821741673
1997-10-01,0.88311366071272,0.55231805268879,0.897162150816603,0.843813882632435,0.99200648851585
1997-11-01,0.801941351384894,0.553357305435247,0.880890798379211,0.84570013562829,0.988840828013338
1997-12-01,0.41922167337205,0.555081368734703,0.881509027492412,0.847766435892291,0.989206539997918
1998-01-01,0.456091457148133,0.562396276791798,0.895865810128491,0.849573911452548,0.992525161686711
1998-02-01,0.165250197968891,0.5610234163139,0.92606724680541,0.848637829104495,0.999711523936187
1998-03-01,0.0436419279878919,0.562864692461371,0.934353343733775,0.850024450862782,1.00254244424634
1998-04-01,0.336996480015817,0.572485364971591,0.957067227730565,0.854713024943047,1.00842855629075
1998-05-01,0.656736157035365,0.57853347213851,1.00687122121058,0.860596759393031,1.02000206911121
1998-06-01,-0.592239246340132,0.594169118787811,1.06779120232238,0.869085510198424,1.03424056177624
1998-07-01,-0.397698289436921,0.606506287191939,1.16508233343605,0.876874672816565,1.05395565882961
1998-08-01,2.04174514907027,0.627895531673288,1.26959179241242,0.88894304930485,1.0744587039557
1998-09-01,-0.104724625240848,0.617781098924981,1.17777382905259,0.894782513608792,1.06068364213051
1998-10-01,0.697835845036288,0.605963096739441,1.10940679831677,0.89179635224919,1.0489360318244
1998-11-01,-0.098543090834724,0.595841010955195,1.06419520279577,0.887159729451558,1.03985048949037
1998-12-01,0.403062452045599,0.5918017236047,1.03597154743266,0.883426719419045,1.03351254094096
1999-01-01,0.421500650478634,0.590817081662495,1.02247939894973,0.881930548348377,1.02942559677668
1999-02-01,0.57032601650544,0.594032053693702,1.0267395824193,0.882095367547263,1.02868934730941
1999-03-01,0.220563053108425,0.59224353200074,1.01456311984995,0.882722176402509,1.02622945719387
1999-04-01,0.221535336342704,0.593530128621269,1.02226862636116,0.885374380212203,1.02722551349595
1999-05-01,0.6110846753967,0.588613006112697,1.00022717939241,0.886240970602016,1.02337566733936
1999-06-01,-0.0672539343220535,0.583099156319131,0.99270499483172,0.884720796149402,1.02364105770337
1999-07-01,0.593861356695324,0.578701025945691,0.989177765963713,0.8843508698788,1.02407712673027
1999-08-01,0.434512179482649,0.578382640953767,1.00070179572256,0.884655608823177,1.02687916718463
1999-09-01,-0.420375763502623,0.583298858979588,1.01684364701429,0.887492734003836,1.03155598795006
1999-10-01,1.27980243901549,0.594603517230263,1.0439001209291,0.892579070091419,1.03790803918342
1999-11-01,0.529037562670798,0.601156202350774,1.08224144141028,0.893259025584901,1.04541153039686
1999-12-01,0.800529680743622,0.617766410029966,1.12914625819792,0.897051167142606,1.05449591931056
2000-01-01,-0.0738086463629273,0.637214232446376,1.17326192675979,0.901230834740018,1.0623416574003
2000-02-01,0.339156286585673,0.641495769499052,1.22904805492591,0.906695642617522,1.07035882779396
2000-03-01,0.389062955591335,0.648255783187157,1.23083751754902,0.911859571612586,1.07170390995036
2000-04-01,0.639146834606574,0.663173019639174,1.19950682148309,0.920960005025921,1.06667264622846
2000-05-01,0.273459506803331,0.675919269234406,1.17591889030315,0.927172067827842,1.06253387307267
2000-06-01,0.0752932203092804,0.680062042477822,1.16189521201822,0.928719019647375,1.06070401858814
2000-07-01,-0.17411453325904,0.666766090451041,1.126811902199,0.924945561328302,1.05658776787348
2000-08-01,-0.268115524651513,0.661758659873505,1.11893751818787,0.923588755249003,1.05632221586785
2000-09-01,0.396734161732581,0.666377022113635,1.11085306079722,0.927190154554889,1.05552920508898
2000-10-01,-0.348581598516251,0.665954144221502,1.11341584888417,0.927885257609791,1.0565751573949
2000-11-01,0.0215868325120994,0.665969808888213,1.1348114399464,0.929580389578389,1.06114892771624
2000-12-01,-0.341500980888831,0.680675232286259,1.14745662015597,0.937721908759706,1.06257916529675
2001-01-01,-0.494583020639805,0.688043467694304,1.13498865196898,0.941227893285967,1.06058667902029
2001-02-01,-0.653772923251239,0.685740450763953,1.11148466480709,0.937741483526496,1.05682050551187
2001-03-01,-0.262038911237106,0.680697719140174,1.088690235426,0.934949093475311,1.05162685738415
2001-04-01,-0.355703647744932,0.685369772037518,1.07406048273058,0.93252228057286,1.04814200583515
2001-05-01,-0.52113684559334,0.684074428813644,1.05677327908273,0.928807204254288,1.04343274098617
2001-06-01,-0.544373668372078,0.691059449000826,1.05858244664256,0.927795838672754,1.04253193771434
2001-07-01,-0.60527220713773,0.703099932456732,1.08153517265465,0.930308604217863,1.04582047963994
2001-08-01,-0.104729742391729,0.724958614348524,1.11878624104708,0.935854468634633,1.05248286905887
2001-09-01,-0.522724986461309,0.768225207966399,1.18071041492477,0.946252892081383,1.06215156701779
2001-10-01,-0.310965846778188,0.773065362848095,1.13198309086144,0.943311178287721,1.0531882887599
2001-11-01,-0.584563698220819,0.745238184412867,1.09271880731294,0.930963366791796,1.04522333186297
2001-12-01,-0.0489417431311701,0.709953111420236,1.05390508163732,0.918380252253685,1.03659683909615
2002-01-01,0.71707045466729,0.688419231528289,1.03325312355208,0.908174169790665,1.0314798687307
2002-02-01,-0.000449397366697468,0.657653696698253,1.03234114331536,0.89775706451099,1.03050846306329
2002-03-01,0.739572343036254,0.63969506891033,1.04785197258409,0.892983384737734,1.03290395889213
2002-04-01,0.481766859935284,0.621621350119134,1.05532348560817,0.883699485042738,1.03533048764722
2002-05-01,0.424327626994536,0.603863500922404,1.08133399521839,0.877172342413232,1.04003031443253
2002-06-01,0.822653189392408,0.600098784752975,1.13410981070631,0.874825568154936,1.05029047363892
2002-07-01,-0.0346316377862088,0.60004673923565,1.18845580223859,0.876200634926158,1.05950906503718
2002-08-01,-0.108177394904807,0.597898787750568,1.14973936700864,0.876498677012705,1.0537287777351
2002-09-01,0.100012476137312,0.59725734461683,1.15092603110973,0.877569750655078,1.05451257328993
2002-10-01,-0.258506515426848,0.596924941922982,1.09999507797172,0.880226057620453,1.04425132563185
2002-11-01,0.545385532604481,0.606164804169855,1.06605340669272,0.88646957055459,1.03550526156634
2002-12-01,-0.562086705858444,0.620731930791187,1.02582001108126,0.891944974612938,1.02564676199445
2003-01-01,0.822477604875704,0.637931124540595,0.983012287135993,0.899555985756671,1.01478613014556
2003-02-01,0.125780344794268,0.647270515998037,0.958276709370307,0.904228963652177,1.00764872574953
2003-03-01,-0.268083074635772,0.647441271132084,0.948796411813536,0.908214096939232,1.00352268108825
2003-04-01,-0.636933483949509,0.658956199125988,0.966816826322285,0.915988401502135,1.00462073705371
2003-05-01,-0.0229996117011133,0.642730637792991,0.949045717512873,0.912278015588616,0.999121851515059
2003-06-01,0.126567589296922,0.63153779284001,0.899973150515369,0.907050960530106,0.987068429909717
2003-07-01,0.515452784279535,0.631256243509555,0.877446101748823,0.903765692830586,0.980197726633639
2003-08-01,-0.224230706028639,0.630304838825848,0.854981013661999,0.896463472579594,0.973621311302859
2003-09-01,0.655550929485038,0.630145299479476,0.843389194886833,0.891378046160196,0.969316840365466
2003-10-01,0.128604089421636,0.620796333048716,0.844775756949609,0.886408973042763,0.968056618773062
2003-11-01,0.681821870397137,0.608172514967531,0.802570276662647,0.879777754093609,0.957901312251951
2003-12-01,0.0495929829070541,0.595009286400352,0.78025832810409,0.874401380081646,0.95208785764681
2004-01-01,0.167800857978229,0.592352695014882,0.7608983687887,0.872382153973621,0.94589999472883
2004-02-01,0.605032791806792,0.590624098582618,0.745667313967798,0.871993527295852,0.941248044935743
2004-03-01,-0.382701206159375,0.59530801439218,0.743111411859704,0.874927653916082,0.939463817163795
2004-04-01,0.406699706450642,0.595937316790212,0.752947303533781,0.880160548162736,0.940783714465707
2004-05-01,0.723041551093839,0.603356858156905,0.747695549340526,0.884883071971693,0.938581872145992
2004-06-01,-0.774172864034384,0.61073239484565,0.757567653023156,0.887287667856664,0.940177889893323
2004-07-01,0.739222369071335,0.601289692973939,0.777230357520179,0.883790956465184,0.943951589331287
2004-08-01,0.0872880211394644,0.592198468690777,0.758568408916675,0.879904581398548,0.939252044281591
2004-09-01,0.116349005043848,0.596274995902127,0.757827884060077,0.881069745266793,0.93809280045697
2004-10-01,0.876538202988542,0.607506333627478,0.764475802391967,0.885818585948288,0.938380257913682
2004-11-01,0.24597935623909,0.619411550724702,0.794554275247448,0.889006053557661,0.941905943414895
2004-12-01,0.78028212744119,0.642485193828904,0.770595117513549,0.892481604018899,0.938877706089312
2005-01-01,0.355751276714411,0.648027547565964,0.765359509268182,0.893689528189522,0.937889643276076
2005-02-01,0.705141724484193,0.635801747511334,0.759091062853264,0.893528662677718,0.936136965522593
2005-03-01,-0.129015476140459,0.62915357351686,0.75879038837985,0.893533433646546,0.936394729273354
2005-04-01,0.19775995087512,0.624321145911476,0.766879126546999,0.894194285338042,0.937920881420591
2005-05-01,0.106126559095987,0.630399869486579,0.75846416755262,0.898501461125179,0.936031201205687
2005-06-01,0.431400620995337,0.64213248314786,0.741490963244869,0.904080435758824,0.931916805635715
2005-07-01,-0.320123029669972,0.663400457882028,0.737368719640012,0.911647591443928,0.930346977390856
2005-08-01,0.331958614523842,0.687270831108111,0.724426673090619,0.920792985606287,0.92664001686061
2005-09-01,-1.96168410660036,0.731824074129558,0.716805188489578,0.933998078488277,0.924307773480092
2005-10-01,1.2158087137923,0.732556831218752,0.723654056747646,0.939084749801874,0.924983069658189
2005-11-01,1.0898691464666,0.716070233635249,0.730392624787472,0.933281242891173,0.923942119486858
2005-12-01,0.494894865107121,0.68915204308253,0.718120089803351,0.924376003011753,0.920867398986414
2006-01-01,0.154716620468776,0.685141051151444,0.726879341380365,0.919680459279246,0.921678853707641
2006-02-01,0.0482830223210051,0.674723726630888,0.710601438899588,0.915669956559125,0.91730396435717
2006-03-01,0.215602413126614,0.656083645372219,0.699058248484408,0.909330913344369,0.915536009811574
2006-04-01,0.291376938449783,0.654043086180095,0.692526650481935,0.906958325295547,0.914925826516702
2006-05-01,0.0286738145895526,0.65276204885956,0.699718913763103,0.905196450016498,0.917166863622271
2006-06-01,0.341346346991589,0.650183475515915,0.681452495712527,0.903000371026005,0.913527906720444
2006-07-01,-0.0629276166844051,0.647174131715459,0.677509463077392,0.901284827208507,0.9132033190313
2006-08-01,0.43369610766435,0.652328617531771,0.660231746376133,0.901736527252115,0.909654120108878
2006-09-01,-0.191212271740682,0.668164392980709,0.647993436507946,0.905881453173163,0.906827322553779
2006-10-01,-0.0961907689715602,0.655955468785295,0.647777152762737,0.902151714759255,0.90673182115064
2006-11-01,-0.0286551431616822,0.64347774341927,0.638754157378983,0.899889686105853,0.904119868447931
2006-12-01,1.01933976113848,0.644758423592807,0.632518482095525,0.899160734199381,0.902957354737341
2007-01-01,-0.355339884298012,0.644621936514297,0.634990200585428,0.897968493589783,0.904412698507908
2007-02-01,0.968067697583486,0.64008537596823,0.642697765464217,0.89516876998672,0.907416945735775
2007-03-01,0.173383319214171,0.633732384115135,0.654684142818577,0.891008307760879,0.911702741106626
2007-04-01,0.67668570011401,0.620849499154752,0.678193402937476,0.888175282989392,0.919332720780649
2007-05-01,0.0418258698546836,0.605049636867374,0.707485860100562,0.886622603463296,0.927543318904468
2007-06-01,0.0180031137348102,0.606964578610378,0.736261398952356,0.892065279896515,0.936475387380901
2007-07-01,-0.153295603838455,0.61985503049603,0.773484563970312,0.901608816074826,0.946818372021386
2007-08-01,0.191848473007816,0.643094913187907,0.780353484621027,0.914323123488459,0.951007565169618
2007-09-01,0.24790703571842,0.655906141738166,0.803337264457641,0.921890817469627,0.959210804636238
2007-10-01,-0.299939368734403,0.665843236492475,0.839808736778043,0.929831122329961,0.969941246338314
2007-11-01,0.561516956070207,0.6876872352719,0.893219330067049,0.943727052592341,0.983986663293349
2007-12-01,0.0524288958835939,0.694076398517182,0.908009495598069,0.952112673314877,0.991288352538128
2008-01-01,-0.117809076265551,0.697228142511272,0.947336500699364,0.957868287706704,1.0033490172202
2008-02-01,-0.365751067968034,0.709104869347168,0.95733500602768,0.966135428944085,1.00853724837439
2008-03-01,-0.326374030034504,0.720125268817627,0.976474443543023,0.97027143611902,1.01571645256699
2008-04-01,-0.685635353279679,0.74921371835974,1.02186595039891,0.978409170384724,1.02810706376957
2008-05-01,-0.607750110085625,0.78756602326695,1.07844783381777,0.99031966631974,1.04273963090079
2008-06-01,-0.266902812373804,0.820575222065738,1.16832895530806,1.00537477713529,1.06290767740528
2008-07-01,-0.445292491099725,0.863596911578157,1.21393638133586,1.02532111496569,1.07434027569283
2008-08-01,-1.59848424370947,0.929095946696455,1.29100231031858,1.05423559228532,1.09095564309947
2008-09-01,-4.4790232327208,1.01023766448346,1.42283617505196,1.08128812902923,1.11562376175748
2008-10-01,0.996093745792592,1.08844893827743,1.55313499091253,1.10750882155624,1.13665460978444
2008-11-01,-1.30664747746616,1.08489385018023,1.5014073066435,1.1069409117236,1.12834189623203
2008-12-01,-2.87235399122725,1.05903884799642,1.45596748955997,1.09605093141637,1.11956367920548
2009-01-01,-2.51050241385871,1.04790877037795,1.46605355245974,1.08508928413725,1.11844196610287
2009-02-01,-0.612754962195439,0.997473585621825,1.44337169390414,1.06548016789968,1.1136284059156
2009-03-01,-1.56244452432599,0.94575521672537,1.39201466937618,1.0486181398981,1.10412197733878
2009-04-01,-0.802361230218462,0.908408973527046,1.35151299737932,1.03034462471506,1.09515047995874
2009-05-01,-0.980084913293222,0.880507558663091,1.24732542685562,1.01495681922854,1.07567651733102
2009-06-01,-0.305114652808403,0.868232765135455,1.18085455296875,1.00489541343275,1.06115086469262
2009-07-01,1.18735695791319,0.852182440642877,1.1513608605208,0.993584107168185,1.05278287656966
2009-08-01,1.11079416594366,0.810061552154513,1.09718083616613,0.977887761482237,1.04098047101262
2009-09-01,0.85209104299846,0.78208624116323,1.07306867549234,0.963434719343864,1.034103568491
2009-10-01,0.228790731209472,0.756428109531573,1.06050202240491,0.95156097574683,1.02971988013904
2009-11-01,0.401466814370188,0.743681742373573,1.03176747684208,0.9428471834577,1.02407910205772
2009-12-01,0.33018299736316,0.733505451473199,1.02179578878742,0.938281727806712,1.02091549262016
2010-01-01,1.06438128071273,0.734806114362205,1.01709980998645,0.93717881172371,1.01977691067644
2010-02-01,0.342613517125923,0.72636914440787,1.02198313901403,0.935549391620801,1.02032137348723
2010-03-01,0.717773183287918,0.716686994844019,1.04014076721627,0.928887323502638,1.02383572650285
2010-04-01,0.351267399320054,0.692863165411706,1.05845283104999,0.91893806146874,1.02725516966395
2010-05-01,1.36463861931828,0.684450453611294,1.10075591716921,0.913359038575498,1.03495777797667
2010-06-01,0.215359804150328,0.650731259538835,1.1045099928623,0.904254018660846,1.03575391648903
2010-07-01,0.382834037158464,0.633118628185668,1.09768446857697,0.895200136839917,1.03424222239964
2010-08-01,0.36540003537997,0.617727114825576,1.09390117663872,0.887389662655489,1.03239102240137
2010-09-01,0.287416244265692,0.610588904062731,1.07310124874708,0.883236834501031,1.02783226907597
2010-10-01,-0.272510061265674,0.60975693167464,0.996349050483649,0.882880285806745,1.01216992507562
2010-11-01,0.079436472910821,0.60785849989639,0.95188261366863,0.881100270171442,1.00176287315313
2010-12-01,0.974766476277455,0.62915790172563,0.932086505656799,0.882647153687326,0.996162402148942
2011-01-01,-0.203978350478096,0.627016630179486,0.889651813759383,0.880566788489911,0.986172538355257
2011-02-01,-0.430714490678596,0.633232753705443,0.869499678696702,0.882074151437469,0.980953569117828
2011-03-01,1.05790480169672,0.63147012126798,0.853312201573501,0.882002858298005,0.977005948658626
2011-04-01,-0.351215098636004,0.625002400017995,0.856898628952412,0.881549487082854,0.977515843841744
2011-05-01,0.133381635323726,0.621284505007342,0.879144133989681,0.881645278863396,0.981880011372942
2011-06-01,0.286654012306631,0.620130498616449,0.914354706580781,0.881503345797393,0.989535593601622
2011-07-01,0.473528895590736,0.627500004348177,0.973766470048802,0.88258157366525,1.00181026045772
2011-08-01,0.636955205641865,0.634269905479162,1.04759920574658,0.885888906101662,1.01606481128766
2011-09-01,-0.0723725714355972,0.624295901776329,1.09470741733663,0.882647440554055,1.02520510047759
2011-10-01,0.696625268355788,0.613782354680867,1.08588102336606,0.876970180392846,1.02342429735024
2011-11-01,-0.00115051580396042,0.601488158338877,0.992434390087487,0.870367488490522,1.00468500649788
2011-12-01,0.523754271528887,0.600070971471147,0.928842841621175,0.866475237021823,0.991130773664986
2012-01-01,0.606507676345558,0.593062151918933,0.89641191868671,0.8625851165013,0.982981892722967
2012-02-01,0.326912408132607,0.57918208010761,0.856856305313441,0.857621356004474,0.972818980115388
2012-03-01,-0.520426919319306,0.575272864460834,0.834290526666522,0.855045336836654,0.966039997693677
2012-04-01,0.72445332441573,0.569548101562359,0.829743485536547,0.852692686976666,0.963384494470869
2012-05-01,0.196218200667264,0.570768419818581,0.843414627239617,0.853501635318612,0.964779248528587
2012-06-01,0.0108746274762872,0.569551173508707,0.808527848078306,0.851904172433622,0.955555066088691
2012-07-01,0.201144986323776,0.574239499065955,0.778222094445592,0.852759735811464,0.947079089204249
2012-08-01,-0.39601134311491,0.579523859549466,0.756131896783477,0.855021095754491,0.940524199587521
2012-09-01,-0.0697014837766297,0.577703454645549,0.737046679867938,0.85233680189714,0.934910250178474
2012-10-01,0.312360354234631,0.57973614564213,0.730400718990765,0.850261839535472,0.932357394687463
2012-11-01,0.400559973334236,0.591391551396411,0.727572611044464,0.851018881992177,0.930354891212528
2012-12-01,0.269604844630944,0.598853352673454,0.736896074797848,0.851672214804383,0.931467549108576
2013-01-01,0.00458829880081169,0.59515753413794,0.74663777205913,0.854307957815499,0.934586266819264
2013-02-01,0.477865881774608,0.584287823687266,0.734927569962579,0.857608799972637,0.931568999780036
2013-03-01,0.410106091024431,0.573833840677902,0.740283487820551,0.859178998522563,0.932297712574854
2013-04-01,-0.114115994679764,0.55448184640743,0.738624404180964,0.852564564294329,0.932028202934702
2013-05-01,0.0918074743378128,0.546237624044383,0.751246275957565,0.848660884464136,0.934861995265798
2013-06-01,0.18729665295556,0.542779229676627,0.760692806642147,0.845878034384978,0.937621410711198
2013-07-01,-0.31953149164714,0.546021034880561,0.783431291405412,0.844681273275195,0.94283193330541
2013-08-01,0.584685108871597,0.542441945303155,0.782183736630684,0.843675025876477,0.943097496118567
2013-09-01,0.534423407210038,0.532300975398468,0.776567352784417,0.838477918650272,0.941859476057308
2013-10-01,-0.118824776515059,0.535553187668089,0.758565283399319,0.837150537156113,0.937885509386599
2013-11-01,0.245691231217737,0.53787590038405,0.754205245878042,0.837905713099473,0.935915152414978
2013-12-01,0.211032913149722,0.54322791872637,0.754585079014231,0.838109426443188,0.935625533782049
2014-01-01,-0.377994847405105,0.554589898213579,0.762143677823149,0.838756583936122,0.93811895006041
2014-02-01,0.756437983354008,0.555644951373668,0.760933881764802,0.837198892040001,0.937169341831476
2014-03-01,1.00566085356979,0.546020564337068,0.748888678859081,0.833817261025415,0.934268043183902
2014-04-01,0.0646325541769244,0.533850169609884,0.746856335193287,0.831478270178616,0.933359037317187
2014-05-01,0.408525133405124,0.529804638509918,0.748771778045884,0.831933768325586,0.933634211985248
2014-06-01,0.331151142852359,0.533139617772409,0.768179138625043,0.835219292194276,0.937878766091856
2014-07-01,0.211963906953194,0.545704250577482,0.797022001707303,0.842095219496825,0.944167116446217
2014-08-01,-0.15583252009348,0.559259899198624,0.80145383041486,0.851310835081261,0.946302751280518
2014-09-01,0.312590695124459,0.5685289161899,0.810523138422547,0.858280853491346,0.948263760680439
2014-10-01,0.0112646789873772,0.585412640044749,0.796139585649927,0.866870960455442,0.946115661284074
2014-11-01,0.63011355096112,0.609839455579303,0.781805905901251,0.878480248158634,0.944600612037956
2014-12-01,-0.00549843754509283,0.633564243273066,0.780098103336573,0.891422199160905,0.945548933181452
2015-01-01,-0.785241836717798,0.657122356372977,0.794158150505305,0.904398544964191,0.950202536010918
2015-02-01,-0.656275673901696,0.674185771372505,0.79745622357865,0.912687714125981,0.952650883292294
2015-03-01,-0.320929631213573,0.673592020226831,0.775885291857167,0.910471964684651,0.948710257238381
2015-04-01,-0.571235521507774,0.657269494242728,0.771564496908721,0.906932791075173,0.948209811996912
2015-05-01,-0.456377775675865,0.645550588233381,0.776927618411774,0.90525167250168,0.950362781673438
2015-06-01,-0.302991672062358,0.629756654090347,0.796254986411391,0.899567649321364,0.955791023336118
2015-07-01,0.62217962469493,0.622734549470436,0.82874297806865,0.897203915330068,0.963898073455182
2015-08-01,-0.159360589531143,0.61810677758352,0.860508880094481,0.896240341252426,0.972819536339648
2015-09-01,-0.291183231848269,0.621745225739035,0.874289576523126,0.895319254222418,0.975615586248155
2015-10-01,-0.461668720398034,0.620305117388142,0.879574144993801,0.893494996043538,0.97712608004781
2015-11-01,-0.750309977233243,0.629989939137779,0.872630105962507,0.894687640043193,0.974731542394799
2015-12-01,-0.503283911498542,0.650684783284811,0.889031373117548,0.895976016783918,0.977112448080793
2016-01-01,0.520986812078394,0.644625199158109,0.90034705986308,0.894534621651274,0.979495020356768
2016-02-01,-0.546655622023717,0.636632079393689,0.864330364002586,0.892836938329127,0.971039019077437
2016-03-01,-0.733529729689852,0.627393465067911,0.849914242648182,0.891357189595801,0.966999696233089
2016-04-01,0.280900473498757,0.606774973324725,0.807479326944367,0.884075647418641,0.956614363205979
2016-05-01,-0.2186912082073,0.5906899975047,0.78248523357431,0.878968821965273,0.949639323906086
2016-06-01,0.482997948615527,0.584824453738639,0.77345996719992,0.876886598967401,0.946195534473949
2016-07-01,0.109832574430246,0.581029999487264,0.775406151641339,0.877473912079972,0.945055805560855
2016-08-01,-0.0815760293858325,0.576380988405528,0.770491134521164,0.87515897175386,0.942554667931694
2016-09-01,-0.0970574967797511,0.573788353821365,0.779336427441291,0.873473887132155,0.943517502878068
2016-10-01,0.0735608340029614,0.578559462476749,0.804016906993779,0.875877371608402,0.947612926026355
2016-11-01,-0.392743917503235,0.589957087349207,0.819224592091585,0.880562220380561,0.949535580532754
2016-12-01,0.695320875262695,0.596017903670944,0.76037075673156,0.881639644634273,0.936433305797206
2017-01-01,-0.235250444708601,0.592394275716581,0.722400848714464,0.87681302378617,0.927285030667191
2017-02-01,-0.371639926267697,0.586489970709442,0.696106417199103,0.873154237534329,0.920217244962447
2017-03-01,0.64212973865434,0.584452721671503,0.67914498006891,0.872387067549523,0.914310631896588
2017-04-01,0.946289325622374,0.584548320600344,0.671388146078299,0.871359826568827,0.911222154138217
2017-05-01,0.120318808894471,0.581150970775241,0.674237628580085,0.871753192274397,0.910736548779356
2017-06-01,0.194255959235257,0.575532589670582,0.674742937700677,0.869410098746893,0.910779561194184
2017-07-01,-0.228123323313589,0.576654112397928,0.678360118794236,0.867647255778368,0.911403297430134
2017-08-01,-0.431022238223377,0.583323935320649,0.691754580299772,0.867579302156565,0.91480737438111
2017-09-01,0.104703691092833,0.58840861027727,0.709366470972077,0.868200462922867,0.919487910591395
2017-10-01,1.22481593510386,0.587094334000895,0.704375289225561,0.866793127623124,0.921066599201436
2017-11-01,0.258677847771782,0.577767494942063,0.707781235365501,0.864349641485939,0.924552245341893
2017-12-01,0.194951754276218,0.577337552297507,0.715921898790446,0.863767329710663,0.928806302856589
2018-01-01,-0.0625052880736554,0.583654207175863,0.736813741268043,0.865859531124421,0.936317323933294
2018-02-01,0.365912810879365,0.586326642915772,0.758157609083928,0.86752901851944,0.942731630958103
2018-03-01,0.469101527101934,0.579560667481709,0.755163000399896,0.865590115730867,0.942966339410697
2018-04-01,1.07272623098318,0.583451820177127,0.764863549696633,0.864511363471196,0.945934577219797
2018-05-01,-0.929058652592563,0.588024754575293,0.788384347004874,0.865050072140698,0.951948325667943
2018-06-01,0.779539099468085,0.577473556530294,0.802991534213743,0.862597376879436,0.956983804475508
2018-07-01,0.136547741051185,0.570328612085653,0.835837515954139,0.860825441034274,0.966101321281673
2018-08-01,0.720590864753223,0.566056811163955,0.884576659332305,0.861264492507278,0.978439376075316
2018-09-01,0.0359288459958584,0.565980841857721,0.948375910904847,0.863668265301176,0.993752626501941
2018-10-01,-0.171495508269182,0.576198901088968,1.04073685733216,0.869294698309239,1.01408175105723
2018-11-01,0.0586714080790252,0.593582139741745,1.07307992434709,0.877162839079247,1.02314324372897
2018-12-01,-0.00586167103469037,0.614229062127976,1.14168658891295,0.881944469040568,1.03751585702453
2019-01-01,-0.599515229874115,0.616857660817582,1.12182928775787,0.883811511407892,1.03560198955032
2019-02-01,-0.527442584401516,0.610398292737298,1.06092024185234,0.884141714765477,1.02532989864412
2019-03-01,-0.000584898602173922,0.607570300327254,1.03644802279148,0.8846635657588,1.0206684995678
2019-04-01,-0.566137388695243,0.619713213615382,1.03482034182024,0.888669198352552,1.02099489475641
2019-05-01,0.167204037944391,0.618845609799779,1.06089983501484,0.892601155981413,1.02627553149812
2019-06-01,0.0684147408507307,0.621902546419299,1.04515221012972,0.897419494396417,1.02381189682874
2019-07-01,-0.45541615314324,0.62765000641257,1.01570759564654,0.902220749938946,1.01851227708407
2019-08-01,0.73418248010011,0.640137245996596,1.01740568159794,0.911128830472831,1.01880902006065
2019-09-01,-0.23759676885664,0.656297155895551,1.00383801040097,0.920585257270741,1.0181646947997
2019-10-01,-0.910491552105697,0.686663565582107,1.00699541161175,0.934936143178548,1.02098879835253
2019-11-01,0.53576132844011,0.72416801296688,1.03956913273201,0.953240313889247,1.02947663043985
2019-12-01,-0.258786701474278,0.774633634494521,1.09624476065057,0.977386203875294,1.04240599473466
2020-01-01,-0.499065772170582,0.849522315971173,1.18918282826791,1.01176547321515,1.06181696556822
2020-02-01,0.252406964646656,0.960128836608974,1.31349776143318,1.05943248151079,1.08572889670107
2020-03-01,-3.98025529850772,1.15908633824539,1.44679152661412,1.12909052265109,1.10916106133456
2020-04-01,-14.3656271026037,1.19645300330446,1.34722680298984,1.13614250420927,1.09814022304336
2020-05-01,1.61261805019048,1.21631959957044,1.22124665195951,1.13605791123229,1.07796852854026
2020-06-01,6.29861558064739,1.16966831835461,1.14249637592787,1.11274564105144,1.06314130090154
2020-07-01,3.70066139521965,1.09091522162032,1.10668085711616,1.08345500492994,1.05538534869398
2020-08-01,0.915348658694537,1.01772746618547,1.0955404955565,1.05559447118234,1.05148647829936
2020-09-01,-0.0455860034302979,0.943968662430366,1.10101260816846,1.03322382782814,1.05030435062091
2020-10-01,0.608299684729019,0.889460344078212,1.11293036441438,1.01257490443947,1.05176955178734
2020-11-01,0.44203998625072,0.860887197169899,1.15551383811899,1.00063094481428,1.05842952138737
2020-12-01,1.14869921643184,0.852955299988752,1.09422311988327,0.995691106038973,1.04729102648865
2021-01-01,0.821516327366023,0.856680606651451,1.0680204566202,0.995566668230413,1.04154183796189
2021-02-01,-3.51214347956157,0.889766160515039,1.05876022648864,1.00261374231065,1.0385960163956
2021-03-01,2.85349341759362,0.887697994779254,1.00784370375838,1.00513578937064,1.02972254017316
2021-04-01,0.156295783069993,0.845752005683499,0.970597131649134,0.992398795343071,1.02302522261295
2021-05-01,0.87338405011721,0.821308879720044,0.944423748380232,0.982452074499187,1.01826154649415
2021-06-01,0.361217348145715,0.794730168721438,0.932321208343229,0.976549630914672,1.01620437366035
2021-07-01,0.614635018665499,0.787123467977612,0.929108001599585,0.974378818746945,1.01597934370746
2021-08-01,0.00239261133119228,0.780049178420286,0.938599033086257,0.971333106450739,1.01874401644869
2021-09-01,-1.06845255630574,0.786578219919672,0.9713732708072,0.973010786134341,1.025584604319
2021-10-01,1.2470748565911,0.766933121505388,0.973307001209752,0.971313789586434,1.02739499815884
2021-11-01,0.885949217440452,0.759650447525142,0.990114598618889,0.97011876029765,1.03181524986302
2021-12-01,-0.307893273456195,0.773238543583634,1.01503581871071,0.975748468780675,1.03821558301959
2022-01-01,0.135409019481436,0.798744455527791,1.0587636517022,0.985751819123402,1.04789295263609
2022-02-01,0.645197402021225,0.805861719812597,1.02824999502098,0.992220451077349,1.04464861995506
2022-03-01,0.785095062542585,0.81109354807794,1.02548562311311,1.00000715524862,1.04316291390483
2022-04-01,0.309146950260164,0.82320928070248,1.05238009903449,1.00845767039202,1.04625900053246
2022-05-01,-0.017901383656227,0.827429960328994,1.08172529231317,1.01615571550423,1.04912864053703
2022-06-01,-0.0881949689786055,0.841553291449635,1.14359811878247,1.02537439285734,1.0588596376506
2022-07-01,0.433883178165129,0.84949324453061,1.15443432871697,1.03395048831297,1.05952877045505
2022-08-01,0.0984685587046563,0.818707086034891,1.15406056499902,1.02764107045583,1.05867633768802
2022-09-01,0.284280131956383,0.800973964772297,1.17734176261534,1.02405959146267,1.06207013382499
2022-10-01,-0.112974340774574,0.79111130501658,1.16615827412997,1.01848103915246,1.05934584992319
2022-11-01,-0.330007786919673,0.7967584706628,1.12463071309105,1.01490155889185,1.05165873382501
2022-12-01,-1.55061058701182,0.799663857041074,1.11367868169143,1.00896475958416,1.04832734288109
2023-01-01,1.04199746795501,0.79249180615393,1.1044669760499,1.00239498546422,1.04527640338018
2023-02-01,0.0188159948836031,0.765605009704038,1.05620518750709,0.991698830481415,1.03462144407752
2023-03-01,0.0897571288149379,0.754295809433627,1.02799184017502,0.983733596208186,1.02751593681728
2023-04-01,0.478113045422912,0.744536424659355,1.00210968486463,0.977250869905875,1.02136089574938
2023-05-01,-0.220505445119379,0.730874243418853,1.00061730663314,0.969252618073264,1.02031906208957
2023-06-01,-0.607922604616196,0.717445889757174,1.00669589854748,0.96083397954371,1.02026349853409
